DateTime,USD to LBP
2018-12-01,1515
2018-12-02,1515
2018-12-03,1515
2018-12-04,1515
2018-12-05,1515
2018-12-06,1515
2018-12-07,1515
2018-12-08,1515
2018-12-09,1515
2018-12-10,1515
2018-12-11,1515
2018-12-12,1515
2018-12-13,1515
2018-12-14,1515
2018-12-15,1515
2018-12-16,1515
2018-12-17,1515
2018-12-18,1515
2018-12-19,1515
2018-12-20,1515
2018-12-21,1515
2018-12-22,1515
2018-12-23,1515
2018-12-24,1515
2018-12-25,1515
2018-12-26,1515
2018-12-27,1515
2018-12-28,1515
2018-12-29,1515
2018-12-30,1515
2018-12-31,1515
2019-01-01,1515
2019-01-02,1515
2019-01-03,1515
2019-01-04,1515
2019-01-05,1515
2019-01-06,1515
2019-01-07,1515
2019-01-08,1515
2019-01-09,1515
2019-01-10,1515
2019-01-11,1515
2019-01-12,1515
2019-01-13,1515
2019-01-14,1515
2019-01-15,1515
2019-01-16,1515
2019-01-17,1515
2019-01-18,1515
2019-01-19,1515
2019-01-20,1515
2019-01-21,1515
2019-01-22,1515
2019-01-23,1515
2019-01-24,1515
2019-01-25,1515
2019-01-26,1515
2019-01-27,1515
2019-01-28,1515
2019-01-29,1515
2019-01-30,1515
2019-01-31,1515
2019-02-01,1515
2019-02-02,1515
2019-02-03,1515
2019-02-04,1515
2019-02-05,1515
2019-02-06,1515
2019-02-07,1515
2019-02-08,1515
2019-02-09,1515
2019-02-10,1515
2019-02-11,1515
2019-02-12,1515
2019-02-13,1515
2019-02-14,1515
2019-02-15,1515
2019-02-16,1515
2019-02-17,1515
2019-02-18,1515
2019-02-19,1515
2019-02-20,1515
2019-02-21,1515
2019-02-22,1515
2019-02-23,1515
2019-02-24,1515
2019-02-25,1515
2019-02-26,1515
2019-02-27,1515
2019-02-28,1515
2019-03-01,1515
2019-03-02,1515
2019-03-03,1515
2019-03-04,1515
2019-03-05,1515
2019-03-06,1515
2019-03-07,1515
2019-03-08,1515
2019-03-09,1515
2019-03-10,1515
2019-03-11,1515
2019-03-12,1515
2019-03-13,1515
2019-03-14,1515
2019-03-15,1515
2019-03-16,1515
2019-03-17,1515
2019-03-18,1515
2019-03-19,1515
2019-03-20,1515
2019-03-21,1515
2019-03-22,1515
2019-03-23,1515
2019-03-24,1515
2019-03-25,1515
2019-03-26,1515
2019-03-27,1515
2019-03-28,1515
2019-03-29,1515
2019-03-30,1515
2019-03-31,1515
2019-04-01,1515
2019-04-02,1515
2019-04-03,1515
2019-04-04,1515
2019-04-05,1515
2019-04-06,1515
2019-04-07,1515
2019-04-08,1515
2019-04-09,1515
2019-04-10,1515
2019-04-11,1515
2019-04-12,1515
2019-04-13,1515
2019-04-14,1515
2019-04-15,1515
2019-04-16,1515
2019-04-17,1515
2019-04-18,1515
2019-04-19,1515
2019-04-20,1515
2019-04-21,1515
2019-04-22,1515
2019-04-23,1515
2019-04-24,1515
2019-04-25,1515
2019-04-26,1515
2019-04-27,1515
2019-04-28,1515
2019-04-29,1515
2019-04-30,1515
2019-05-01,1515
2019-05-02,1515
2019-05-03,1515
2019-05-04,1515
2019-05-05,1515
2019-05-06,1515
2019-05-07,1515
2019-05-08,1515
2019-05-09,1515
2019-05-10,1515
2019-05-11,1515
2019-05-12,1515
2019-05-13,1515
2019-05-14,1515
2019-05-15,1515
2019-05-16,1515
2019-05-17,1515
2019-05-18,1515
2019-05-19,1515
2019-05-20,1515
2019-05-21,1515
2019-05-22,1515
2019-05-23,1515
2019-05-24,1515
2019-05-25,1515
2019-05-26,1515
2019-05-27,1515
2019-05-28,1515
2019-05-29,1515
2019-05-30,1515
2019-05-31,1515
2019-06-01,1515
2019-06-02,1515
2019-06-03,1515
2019-06-04,1515
2019-06-05,1515
2019-06-06,1515
2019-06-07,1515
2019-06-08,1515
2019-06-09,1515
2019-06-10,1515
2019-06-11,1515
2019-06-12,1515
2019-06-13,1515
2019-06-14,1515
2019-06-15,1515
2019-06-16,1515
2019-06-17,1515
2019-06-18,1515
2019-06-19,1515
2019-06-20,1515
2019-06-21,1515
2019-06-22,1515
2019-06-23,1515
2019-06-24,1515
2019-06-25,1515
2019-06-26,1515
2019-06-27,1515
2019-06-28,1515
2019-06-29,1515
2019-06-30,1515
2019-07-01,1515
2019-07-02,1515
2019-07-03,1515
2019-07-04,1515
2019-07-05,1515
2019-07-06,1515
2019-07-07,1515
2019-07-08,1515
2019-07-09,1515
2019-07-10,1515
2019-07-11,1515
2019-07-12,1515
2019-07-13,1515
2019-07-14,1515
2019-07-15,1515
2019-07-16,1515
2019-07-17,1515
2019-07-18,1515
2019-07-19,1515
2019-07-20,1515
2019-07-21,1515
2019-07-22,1515
2019-07-23,1515
2019-07-24,1515
2019-07-25,1515
2019-07-26,1515
2019-07-27,1515
2019-07-28,1515
2019-07-29,1515
2019-07-30,1515
2019-07-31,1515
2019-08-01,1530
2019-08-02,1530
2019-08-03,1530
2019-08-04,1540
2019-08-05,1550
2019-08-06,1560
2019-08-07,1560
2019-08-08,1560
2019-08-09,1560
2019-08-10,1560
2019-08-11,1560
2019-08-12,1560
2019-08-13,1560
2019-08-14,1560
2019-08-15,1560
2019-08-16,1580
2019-08-17,1580
2019-08-18,1580
2019-08-19,1580
2019-08-20,1580
2019-08-21,1580
2019-08-22,1580
2019-08-23,1590
2019-08-24,1590
2019-08-25,1590
2019-08-26,1590
2019-08-27,1600
2019-08-28,1620
2019-08-29,1620
2019-08-30,1600
2019-08-31,1600
2019-09-01,1640
2019-09-02,1640
2019-09-03,1620
2019-09-04,1620
2019-09-05,1650
2019-09-06,1650
2019-09-07,1640
2019-09-08,1630
2019-09-09,1620
2019-09-10,1620
2019-09-11,1640
2019-09-12,1650
2019-09-13,1650
2019-09-14,1680
2019-09-15,1680
2019-09-16,1700
2019-09-17,1720
2019-09-18,1730
2019-09-19,1720
2019-09-20,1740
2019-09-21,1730
2019-09-22,1720
2019-09-23,1700
2019-09-25,1720
2019-09-26,1740
2019-09-27,1750
2019-09-28,1730
2019-09-29,1720
2019-09-30,1700
2019-10-01,1740
2019-10-02,1700
2019-10-03,1690
2019-10-04,1680
2019-10-05,1650
2019-10-06,1650
2019-10-07,1650
2019-10-08,1650
2019-10-09,1650
2019-10-10,1650
2019-10-11,1660
2019-10-12,1680
2019-10-13,1700
2019-10-14,1720
2019-10-15,1730
2019-10-16,1750
2019-10-17,1740
2019-10-18,1700
2019-10-19,1710
2019-10-20,1710
2019-10-21,1750
2019-10-22,1750
2019-10-23,1770
2019-10-24,1800
2019-10-25,1780
2019-10-26,1780
2019-10-27,1800
2019-10-28,1770
2019-10-29,1770
2019-10-30,1800
2019-10-31,1800
2019-11-01,1750
2019-11-02,1750
2019-11-03,1740
2019-11-04,1730
2019-11-05,1690
2019-11-06,1690
2019-11-07,1750
2019-11-08,1850
2019-11-09,1890
2019-11-10,1890
2019-11-11,1775
2019-11-12,1820
2019-11-13,1900
2019-11-14,1860
2019-11-15,1820
2019-11-16,1820
2019-11-17,1820
2019-11-18,1830
2019-11-19,1825
2019-11-20,1890
2019-11-21,1925
2019-11-22,1925
2019-11-23,1950
2019-11-24,1950
2019-11-25,2050
2019-11-26,2150
2019-11-27,2250
2019-11-28,2300
2019-11-29,2250
2019-11-30,2150
2019-12-01,2150
2019-12-02,2080
2019-12-03,2050
2019-12-04,2080
2019-12-05,1975
2019-12-06,1950
2019-12-07,2025
2019-12-08,2025
2019-12-09,2100
2019-12-10,2050
2019-12-11,2025
2019-12-12,2030
2019-12-13,2020
2019-12-14,2010
2019-12-15,2010
2019-12-16,2030
2019-12-17,2040
2019-12-18,2075
2019-12-19,2125
2019-12-20,2125
2019-12-21,2100
2019-12-22,2075
2019-12-23,2050
2019-12-24,2050
2019-12-25,2060
2019-12-26,2050
2019-12-27,2110
2019-12-28,2100
2019-12-29,2090
2019-12-30,2120
2019-12-31,2130
2020-01-01,2120
2020-01-02,2125
2020-01-03,2150
2020-01-04,2180
2020-01-05,2170
2020-01-06,2220
2020-01-07,2270
2020-01-08,2380
2020-01-09,2500
2020-01-10,2530
2020-01-11,2400
2020-01-12,2425
2020-01-13,2510
2020-01-14,2450
2020-01-15,2350
2020-01-16,2220
2020-01-17,2270
2020-01-18,2280
2020-01-19,2270
2020-01-20,2270
2020-01-21,2250
2020-01-22,2120
2020-01-23,2220
2020-01-24,2230
2020-01-26,2230
2020-01-27,2200
2020-01-28,2190
2020-01-29,2170
2020-01-30,2150
2020-01-31,2150
2020-02-02,2190
2020-02-03,2190
2020-02-04,2200
2020-02-05,2200
2020-02-06,2260
2020-02-07,2350
2020-02-09,2280
2020-02-10,2300
2020-02-11,2320
2020-02-12,2300
2020-02-14,2330
2020-02-16,2450
2020-02-18,2525
2020-02-19,2425
2020-02-21,2470
2020-02-22,2500
2020-02-24,2460
2020-02-25,2470
2020-02-26,2470
2020-02-27,2470
2020-02-28,2470
2020-03-01,2470
2020-03-02,2480
2020-03-03,2520
2020-03-04,2650
2020-03-05,2650
2020-03-06,2700
2020-03-08,2450
2020-03-09,2450
2020-03-11,2450
2020-03-12,2440
2020-03-13,2480
2020-03-14,2525
2020-03-17,2475
2020-03-18,2570
2020-03-19,2650
2020-03-20,2680
2020-03-21,2600
2020-03-22,2600
2020-03-23,2730
2020-03-24,2800
2020-03-25,2775
2020-03-26,2800
2020-03-27,2775
2020-03-28,2750
2020-03-29,2740
2020-03-30,2750
2020-03-31,2820
2020-04-01,2850
2020-04-02,2850
2020-04-03,2850
2020-04-04,2775
2020-04-05,2775
2020-04-06,2875
2020-04-07,2850
2020-04-08,2900
2020-04-09,2925
2020-04-10,2875
2020-04-11,2950
2020-04-13,2975
2020-04-14,3020
2020-04-15,3050
2020-04-16,3110
2020-04-17,3250
2020-04-18,3250
2020-04-20,3200
2020-04-21,3200
2020-04-22,3450
2020-04-23,3700
2020-04-24,3800
2020-04-25,3950
2020-04-27,4100
2020-04-28,4200
2020-04-29,4050
2020-04-30,3700
2020-05-01,3900
2020-05-02,3850
2020-05-04,3980
2020-05-05,4100
2020-05-06,4220
2020-05-07,4280
2020-05-08,4350
2020-05-09,4250
2020-05-10,4250
2020-05-11,4250
2020-05-12,4300
2020-05-13,4275
2020-05-14,4230
2020-05-15,4200
2020-05-16,3950
2020-05-17,3750
2020-05-18,4000
2020-05-19,4200
2020-05-20,4250
2020-05-21,4250
2020-05-22,4000
2020-05-23,4050
2020-05-24,4100
2020-05-25,4080
2020-05-26,4080
2020-05-27,4000
2020-05-28,4100
2020-05-29,4240
2020-05-30,4250
2020-05-31,4150
2020-06-01,4180
2020-06-02,4150
2020-06-03,4050
2020-06-04,4050
2020-06-05,4150
2020-06-06,4150
2020-06-07,4200
2020-06-08,4250
2020-06-09,4550
2020-06-10,4650
2020-06-11,5000
2020-06-12,5300
2020-06-13,4300
2020-06-14,4500
2020-06-15,4700
2020-06-16,4800
2020-06-17,5000
2020-06-18,5150
2020-06-19,5150
2020-06-20,5300
2020-06-21,5550
2020-06-22,5900
2020-06-23,6200
2020-06-24,6300
2020-06-25,7200
2020-06-26,7400
2020-06-27,7800
2020-06-28,8000
2020-06-29,8100
2020-06-30,8600
2020-07-01,9200
2020-07-02,9800
2020-07-03,9400
2020-07-04,8200
2020-07-06,9300
2020-07-07,9000
2020-07-08,8800
2020-07-09,8600
2020-07-10,8000
2020-07-11,7500
2020-07-12,6700
2020-07-13,8400
2020-07-14,9000
2020-07-15,8500
2020-07-16,8300
2020-07-17,8100
2020-07-18,8200
2020-07-19,8150
2020-07-20,8250
2020-07-21,8200
2020-07-22,7950
2020-07-23,7600
2020-07-24,7650
2020-07-25,7700
2020-07-26,7800
2020-07-27,7900
2020-07-28,7800
2020-07-29,7700
2020-07-30,7650
2020-07-31,7700
2020-08-01,7800
2020-08-02,8100
2020-08-03,8100
2020-08-04,8150
2020-08-05,8600
2020-08-06,8500
2020-08-07,7600
2020-08-08,7600
2020-08-09,7600
2020-08-10,7600
2020-08-11,7550
2020-08-12,7400
2020-08-13,7300
2020-08-14,7300
2020-08-15,7050
2020-08-16,7150
2020-08-17,7150
2020-08-18,7300
2020-08-19,7050
2020-08-20,7050
2020-08-21,7150
2020-08-22,7400
2020-08-23,7500
2020-08-24,7400
2020-08-25,7450
2020-08-26,7700
2020-08-27,8000
2020-08-28,7850
2020-08-29,7500
2020-08-30,7450
2020-08-31,7150
2020-09-01,7250
2020-09-02,7400
2020-09-03,7350
2020-09-04,7300
2020-09-05,7400
2020-09-06,7450
2020-09-07,7450
2020-09-08,7500
2020-09-09,7575
2020-09-10,7700
2020-09-11,7750
2020-09-12,7600
2020-09-13,7600
2020-09-14,7600
2020-09-15,7600
2020-09-16,7650
2020-09-17,7700
2020-09-18,7625
2020-09-19,7650
2020-09-20,7650
2020-09-21,7700
2020-09-22,8000
2020-09-23,7800
2020-09-24,7725
2020-09-25,7775
2020-09-26,8500
2020-09-27,8300
2020-09-28,8400
2020-09-29,8350
2020-09-30,8300
2020-10-01,8450
2020-10-02,8700
2020-10-03,8900
2020-10-04,8650
2020-10-05,8725
2020-10-06,8775
2020-10-07,8900
2020-10-08,8875
2020-10-09,8800
2020-10-10,8750
2020-10-11,8500
2020-10-12,8300
2020-10-13,8050
2020-10-14,8150
2020-10-15,8200
2020-10-16,7950
2020-10-17,7925
2020-10-18,7900
2020-10-19,7800
2020-10-20,7475
2020-10-21,7600
2020-10-22,7400
2020-10-23,7050
2020-10-24,6900
2020-10-25,6800
2020-10-26,6850
2020-10-27,7000
2020-10-28,6950
2020-10-29,6800
2020-10-30,6775
2020-10-31,6850
2020-11-01,7150
2020-11-02,7500
2020-11-03,7100
2020-11-04,7100
2020-11-05,7250
2020-11-06,7300
2020-11-07,7450
2020-11-08,7450
2020-11-09,7475
2020-11-10,7425
2020-11-11,7475
2020-11-12,7700
2020-11-13,7800
2020-11-14,7700
2020-11-15,7900
2020-11-16,7950
2020-11-17,7950
2020-11-18,8300
2020-11-19,8500
2020-11-20,8300
2020-11-21,8350
2020-11-22,8400
2020-11-23,8300
2020-11-24,8275
2020-11-25,8300
2020-11-26,8320
2020-11-27,8350
2020-11-28,8300
2020-11-29,8200
2020-11-30,8175
2020-12-01,8050
2020-12-02,8150
2020-12-03,8225
2020-12-04,8250
2020-12-05,8200
2020-12-06,8200
2020-12-07,8225
2020-12-08,8225
2020-12-09,8200
2020-12-10,8225
2020-12-11,8300
2020-12-12,8325
2020-12-13,8280
2020-12-14,8350
2020-12-15,8500
2020-12-16,8525
2020-12-17,8500
2020-12-18,8475
2020-12-19,8350
2020-12-20,8400
2020-12-21,8350
2020-12-22,8350
2020-12-23,8325
2020-12-24,8400
2020-12-25,8325
2020-12-26,8350
2020-12-27,8390
2020-12-28,8425
2020-12-30,8475
2020-12-31,8425
2021-01-01,8450
2021-01-02,8475
2021-01-03,8500
2021-01-04,8550
2021-01-05,8700
2021-01-06,8800
2021-01-07,8725
2021-01-08,8675
2021-01-09,8700
2021-01-10,8750
2021-01-11,8850
2021-01-12,8950
2021-01-13,8925
2021-01-14,8800
2021-01-15,8850
2021-01-16,8900
2021-01-17,8900
2021-01-18,8875
2021-01-19,8850
2021-01-20,8775
2021-01-21,8850
2021-01-22,8825
2021-01-23,8800
2021-01-24,8850
2021-01-25,8875
2021-01-26,8850
2021-01-27,8900
2021-01-28,8930
2021-01-29,8925
2021-01-30,8900
2021-01-31,8880
2021-02-01,8900
2021-02-02,8850
2021-02-03,8850
2021-02-04,8860
2021-02-05,8875
2021-02-06,8850
2021-02-07,8875
2021-02-08,8875
2021-02-09,8850
2021-02-10,8850
2021-02-11,8825
2021-02-12,8875
2021-02-13,8890
2021-02-14,8925
2021-02-15,8900
2021-02-16,9000
2021-02-17,9275
2021-02-18,9525
2021-02-19,9400
2021-02-20,9400
2021-02-21,9450
2021-02-22,9425
2021-02-23,9390
2021-02-24,9465
2021-02-25,9650
2021-02-26,9700
2021-02-27,9625
2021-02-28,9660
2021-03-01,9850
2021-03-02,10000
2021-03-03,9950
2021-03-04,9975
2021-03-05,10200
2021-03-06,10800
2021-03-07,10750
2021-03-08,10600
2021-03-09,10650
2021-03-10,10650
2021-03-11,10800
2021-03-12,11350
2021-03-13,12500
2021-03-14,12600
2021-03-15,13600
2021-03-16,15000
2021-03-17,14200
2021-03-18,13000
2021-03-19,12000
2021-03-20,11800
2021-03-21,11200
2021-03-22,14200
2021-03-23,14200
2021-03-24,13200
2021-03-25,12900
2021-03-26,13000
2021-03-27,12750
2021-03-28,12800
2021-03-29,12800
2021-03-30,12775
2021-03-31,12700
2021-04-01,11900
2021-04-02,11700
2021-04-03,11700
2021-04-04,12050
2021-04-05,12150
2021-04-06,11850
2021-04-07,12100
2021-04-08,12250
2021-04-09,12775
2021-04-10,12775
2021-04-11,13100
2021-04-12,12900
2021-04-13,12525
2021-04-14,12450
2021-04-15,12300
2021-04-16,12390
2021-04-17,12225
2021-04-18,12175
2021-04-19,12250
2021-04-20,12250
2021-04-21,12200
2021-04-22,12225
2021-04-23,12275
2021-04-24,12300
2021-04-25,12250
2021-04-26,12375
2021-04-27,12750
2021-04-28,12650
2021-04-29,12350
2021-04-30,12350
2021-05-01,12350
2021-05-02,12325
2021-05-03,12425
2021-05-04,12500
2021-05-05,12425
2021-05-06,12525
2021-05-07,12750
2021-05-08,13000
2021-05-09,12900
2021-05-10,12700
2021-05-11,12750
2021-05-12,12750
2021-05-13,12750
2021-05-14,12775
2021-05-15,12800
2021-05-16,12775
2021-05-17,12725
2021-05-18,12800
2021-05-19,12850
2021-05-20,12950
2021-05-21,12900
2021-05-22,12900
2021-05-23,12900
2021-05-24,12900
2021-05-25,12975
2021-05-26,13100
2021-05-27,13150
2021-05-28,12950
2021-05-29,12875
2021-05-30,12850
2021-05-31,12875
2021-06-01,13050
2021-06-02,13125
2021-06-03,13300
2021-06-04,13450
2021-06-05,13450
2021-06-06,13450
2021-06-07,13600
2021-06-08,14200
2021-06-09,14700
2021-06-10,14850
2021-06-11,15000
2021-06-12,15025
2021-06-13,15300
2021-06-14,15500
2021-06-15,15475
2021-06-16,15300
2021-06-17,15300
2021-06-18,15275
2021-06-19,15200
2021-06-20,15300
2021-06-21,15400
2021-06-22,15350
2021-06-23,15600
2021-06-24,16100
2021-06-25,16450
2021-06-26,18000
2021-06-27,17900
2021-06-28,17675
2021-06-29,17100
2021-06-30,17300
2021-07-01,17325
2021-07-02,17325
2021-07-03,17600
2021-07-04,17700
2021-07-05,17650
2021-07-06,17650
2021-07-07,18050
2021-07-08,18800
2021-07-09,19600
2021-07-10,19425
2021-07-11,19400
2021-07-12,19475
2021-07-13,19650
2021-07-14,19700
2021-07-15,22000
2021-07-16,23300
2021-07-17,22500
2021-07-18,22100
2021-07-19,22100
2021-07-20,21950
2021-07-21,22350
2021-07-22,22350
2021-07-23,21175
2021-07-24,20050
2021-07-25,19875
2021-07-26,19000
2021-07-27,18900
2021-07-28,18100
2021-07-29,18350
2021-07-30,18700
2021-07-31,19350
2021-08-01,19175
2021-08-02,20800
2021-08-03,21050
2021-08-04,21350
2021-08-05,21350
2021-08-06,20500
2021-08-07,20200
2021-08-08,20350
2021-08-09,20650
2021-08-10,20650
2021-08-11,20575
2021-08-12,21200
2021-08-13,20800
2021-08-14,20400
2021-08-15,19500
2021-08-16,19200
2021-08-17,19000
2021-08-18,18300
2021-08-19,20150
2021-08-20,19200
2021-08-21,19250
2021-08-22,19000
2021-08-23,19300
2021-08-24,19200
2021-08-25,19200
2021-08-26,19100
2021-08-27,19150
2021-08-28,19050
2021-08-29,19150
2021-08-30,19250
2021-08-31,19050
2021-09-01,19100
2021-09-02,19100
2021-09-03,18700
2021-09-04,18600
2021-09-05,18600
2021-09-06,18200
2021-09-07,18250
2021-09-08,19000
2021-09-09,19600
2021-09-10,18100
2021-09-11,16250
2021-09-12,16600
2021-09-13,16375
2021-09-14,16275
2021-09-15,16100
2021-09-16,14400
2021-09-17,15600
2021-09-18,15300
2021-09-19,15000
2021-09-20,14550
2021-09-21,15500
2021-09-22,16300
2021-09-23,16450
2021-09-24,16150
2021-09-25,16400
2021-09-26,16400
2021-09-27,16350
2021-09-28,17100
2021-09-29,17150
2021-09-30,17750
2021-10-01,17650
2021-10-02,17600
2021-10-03,17550
2021-10-04,17600
2021-10-05,17700
2021-10-06,18100
2021-10-07,19000
2021-10-08,19500
2021-10-09,19450
2021-10-10,19350
2021-10-11,19350
2021-10-12,19850
2021-10-13,21100
2021-10-14,21150
2021-10-15,20450
2021-10-16,20550
2021-10-17,20650
2021-10-18,20750
2021-10-19,20850
2021-10-20,20700
2021-10-21,20200
2021-10-22,20550
2021-10-23,20450
2021-10-24,20500
2021-10-25,20450
2021-10-26,20600
2021-10-27,20500
2021-10-28,20500
2021-10-29,20350
2021-10-30,21300
2021-10-31,21000
2021-11-01,21100
2021-11-02,20900
2021-11-03,20850
2021-11-04,20725
2021-11-05,20800
2021-11-06,20850
2021-11-07,20900
2021-11-08,21000
2021-11-09,21400
2021-11-10,21700
2021-11-11,22800
2021-11-12,23200
2021-11-13,22850
2021-11-14,22800
2021-11-15,23100
2021-11-16,23150
2021-11-17,23050
2021-11-18,23200
2021-11-19,23150
2021-11-20,23300
2021-11-21,23600
2021-11-22,23500
2021-11-23,23700
2021-11-24,24400
2021-11-25,25000
2021-11-26,25700
2021-11-27,25000
2021-11-28,24800
2021-11-29,24750
2021-11-30,24750
2021-12-01,24600
2021-12-02,24100
2021-12-03,23850
2021-12-04,24000
2021-12-05,22800
2021-12-06,23400
2021-12-07,23350
2021-12-08,24400
2021-12-09,25550
2021-12-10,26100
2021-12-11,25750
2021-12-12,26200
2021-12-13,27200
2021-12-14,29000
2021-12-15,28200
2021-12-16,28350
2021-12-17,27600
2021-12-18,27250
2021-12-19,27250
2021-12-20,27800
2021-12-21,27600
2021-12-22,27350
2021-12-23,27350
2021-12-24,27050
2021-12-25,27300
2021-12-26,27500
2021-12-27,27450
2021-12-28,27450
2021-12-29,27700
2021-12-30,27500
2021-12-31,27650
2022-01-01,28350
2022-01-02,28800
2022-01-03,29250
2022-01-04,30100
2022-01-05,29975
2022-01-06,30100
2022-01-07,30150
2022-01-08,30350
2022-01-09,30700
2022-01-10,32150
2022-01-11,33700
2022-01-12,32200
2022-01-13,31800
2022-01-14,28950
2022-01-15,27600
2022-01-16,25050
2022-01-17,25500
2022-01-18,25100
2022-01-19,24200
2022-01-20,23500
2022-01-21,23200
2022-01-22,23150
2022-01-23,23200
2022-01-24,24000
2022-01-25,23700
2022-01-26,23450
2022-01-27,23100
2022-01-28,22700
2022-01-29,22450
2022-01-30,22150
2022-01-31,21900
2022-02-01,20800
2022-02-02,21000
2022-02-03,21700
2022-02-04,21650
2022-02-05,21400
2022-02-06,21250
2022-02-07,21350
2022-02-08,21350
2022-02-09,21300
2022-02-10,21150
2022-02-11,21100
2022-02-12,21150
2022-02-13,21100
2022-02-14,21100
2022-02-15,21050
2022-02-16,21050
2022-02-17,21000
2022-02-18,20900
2022-02-19,20700
2022-02-20,20700
2022-02-21,20650
2022-02-22,20750
2022-02-23,20800
2022-02-24,20650
2022-02-25,20650
2022-02-26,20700
2022-02-27,20650
2022-02-28,20650
2022-03-01,20600
2022-03-02,20650
2022-03-03,20700
2022-03-04,20700
2022-03-05,20775
2022-03-06,20750
2022-03-07,20725
2022-03-08,21300
2022-03-09,23900
2022-03-10,22800
2022-03-11,22800
2022-03-12,22700
2022-03-13,22500
2022-03-14,22450
2022-03-15,22350
2022-03-16,22500
2022-03-17,22900
2022-03-18,23550
2022-03-19,23350
2022-03-20,23150
2022-03-21,24300
2022-03-22,24100
2022-03-23,24100
2022-03-24,25400
2022-03-25,25350
2022-03-26,24150
2022-03-27,24200
2022-03-28,24750
2022-03-29,24475
2022-03-30,24400
2022-03-31,24050
2022-04-01,24000
2022-04-02,23800
2022-04-03,23800
2022-04-04,24000
2022-04-05,24050
2022-04-06,24200
2022-04-07,24300
2022-04-08,24050
2022-04-09,24100
2022-04-10,24200
2022-04-11,24550
2022-04-12,25250
2022-04-13,25350
2022-04-14,25000
2022-04-15,24950
2022-04-16,24900
2022-04-17,24950
2022-04-18,25100
2022-04-19,25450
2022-04-20,26350
2022-04-21,26350
2022-04-22,28300
2022-04-23,27750
2022-04-24,28100
2022-04-25,27900
2022-04-26,27700
2022-04-27,27475
2022-04-28,27250
2022-04-29,26950
2022-04-30,26900
2022-05-01,26500
2022-05-02,26600
2022-05-03,26600
2022-05-04,26800
2022-05-05,26900
2022-05-06,27000
2022-05-07,26850
2022-05-08,26850
2022-05-09,27000
2022-05-10,27175
2022-05-11,27100
2022-05-12,27100
2022-05-13,27700
2022-05-14,27450
2022-05-15,27650
2022-05-16,29300
2022-05-17,30500
2022-05-18,31200
2022-05-19,31100
2022-05-20,31700
2022-05-21,31900
2022-05-22,32500
2022-05-23,32600
2022-05-24,34100
2022-05-25,34750
2022-05-26,36100
2022-05-27,37750
2022-05-28,28200
2022-05-29,27700
2022-05-30,27700
2022-05-31,32200
2022-06-01,31300
2022-06-02,28500
2022-06-03,28400
2022-06-04,28400
2022-06-05,28100
2022-06-06,27800
2022-06-07,27900
2022-06-08,28000
2022-06-09,28000
2022-06-10,28300
2022-06-11,28100
2022-06-12,27950
2022-06-13,28200
2022-06-14,30400
2022-06-15,29600
2022-06-16,28900
2022-06-17,28400
2022-06-18,28400
2022-06-19,28350
2022-06-20,28600
2022-06-21,28700
2022-06-22,29300
2022-06-23,29400
2022-06-24,29950
2022-06-25,29750
2022-06-26,29900
2022-06-27,30150
2022-06-28,29350
2022-06-29,28400
2022-06-30,28200
2022-07-01,28600
2022-07-02,28950
2022-07-03,29200
2022-07-04,29200
2022-07-05,29250
2022-07-06,29400
2022-07-07,29400
2022-07-08,29450
2022-07-09,29400
2022-07-10,29400
2022-07-11,29450
2022-07-12,29550
2022-07-13,29400
2022-07-14,29450
2022-07-15,29500
2022-07-16,29550
2022-07-17,29550
2022-07-18,29650
2022-07-19,29800
2022-07-20,29800
2022-07-21,29800
2022-07-22,29800
2022-07-23,29550
2022-07-24,29550
2022-07-25,29700
2022-07-26,29950
2022-07-27,30000
2022-07-28,30150
2022-07-29,30350
2022-07-30,30200
2022-07-31,30100
2022-08-01,30250
2022-08-02,30500
2022-08-03,30550
2022-08-04,30550
2022-08-05,30750
2022-08-06,31000
2022-08-07,31150
2022-08-08,31150
2022-08-09,31100
2022-08-10,31000
2022-08-11,31400
2022-08-12,32100
2022-08-13,31800
2022-08-14,31800
2022-08-15,32000
2022-08-16,32450
2022-08-17,32550
2022-08-18,33400
2022-08-19,33300
2022-08-20,34050
2022-08-21,34200
2022-08-22,34250
2022-08-23,34100
2022-08-24,34150
2022-08-25,34200
2022-08-26,33000
2022-08-27,32600
2022-08-28,32550
2022-08-29,32300
2022-08-30,32700
2022-08-31,33300
2022-09-01,34400
2022-09-02,35650
2022-09-03,34500
2022-09-04,34650
2022-09-05,35200
2022-09-06,35500
2022-09-07,35200
2022-09-08,35300
2022-09-09,35300
2022-09-10,35350
2022-09-11,35350
2022-09-12,35700
2022-09-13,36700
2022-09-14,37500
2022-09-15,38200
2022-09-16,38600
2022-09-17,38550
2022-09-18,38250
2022-09-19,39150
2022-09-20,39150
2022-09-21,37900
2022-09-22,37900
2022-09-23,38100
2022-09-24,37800
2022-09-25,37900
2022-09-26,37300
2022-09-27,38050
2022-09-28,38900
2022-09-29,39000
2022-09-30,38700
2022-10-01,38650
2022-10-02,38700
2022-10-03,38900
2022-10-04,39250
2022-10-05,39600
2022-10-06,39750
2022-10-07,39750
2022-10-08,39550
2022-10-09,39600
2022-10-10,39700
2022-10-11,39800
2022-10-12,39850
2022-10-13,39850
2022-10-14,39950
2022-10-15,40050
2022-10-16,40100
2022-10-17,40200
2022-10-18,40350
2022-10-19,40400
2022-10-20,40400
2022-10-21,40500
2022-10-22,40550
2022-10-23,40600
2022-10-24,37200
2022-10-25,35600
2022-10-26,37500
2022-10-27,36400
2022-10-28,37500
2022-10-29,37000
2022-10-30,36200
2022-10-31,36800
2022-11-01,37400
2022-11-02,38000
2022-11-03,37700
2022-11-04,37800
2022-11-05,38000
2022-11-06,37800
2022-11-07,38900
2022-11-08,40150
2022-11-09,40200
2022-11-10,39700
2022-11-11,40100
2022-11-12,39900
2022-11-13,39700
2022-11-14,39800
2022-11-15,39900
2022-11-16,40000
2022-11-17,40150
2022-11-18,40150
2022-11-19,39950
2022-11-20,39800
2022-11-21,39700
2022-11-22,39600
2022-11-23,39800
2022-11-24,40150
2022-11-25,40400
2022-11-26,40400
2022-11-27,40450
2022-11-28,40700
2022-11-29,40850
2022-11-30,41150
2022-12-01,41450
2022-12-02,41500
2022-12-03,41350
2022-12-04,41350
2022-12-05,41600
2022-12-06,41700
2022-12-07,42000
2022-12-08,42700
2022-12-09,42700
2022-12-10,42450
2022-12-11,42400
2022-12-12,42800
2022-12-13,42900
2022-12-14,43100
2022-12-15,43500
2022-12-16,43500
2022-12-17,44100
2022-12-18,44300
2022-12-19,44500
2022-12-20,45500
2022-12-21,46500
2022-12-22,46000
2022-12-23,46000
2022-12-24,45700
2022-12-25,46300
2022-12-26,47800
2022-12-27,47750
2022-12-28,44500
2022-12-29,44100
2022-12-30,42400
2022-12-31,42500
2023-01-01,42600
2023-01-02,42400
2023-01-03,42400
2023-01-04,43200
2023-01-05,43700
2023-01-06,44400
2023-01-07,44400
2023-01-08,43500
2023-01-09,45800
2023-01-10,46500
2023-01-11,47700
2023-01-12,48000
2023-01-13,49400
2023-01-14,49400
2023-01-15,48600
2023-01-16,48500
2023-01-17,48400
2023-01-18,49400
2023-01-19,50500
2023-01-20,51100
2023-01-21,51400
2023-01-22,51400
2023-01-23,52700
2023-01-24,55100
2023-01-25,57900
2023-01-26,62500
2023-01-27,63500
2023-01-28,60000
2023-01-29,59500
2023-01-30,58500
2023-01-31,58500
2023-02-01,64500
2023-02-02,64500
2023-02-03,64300
2023-02-04,64200
2023-02-05,63700
2023-02-06,63500
2023-02-07,64300
2023-02-08,64600
2023-02-09,65500
2023-02-10,65500
2023-02-11,66300
2023-02-12,66500
2023-02-13,69200
2023-02-14,74300
2023-02-15,77000
2023-02-16,82000
2023-02-17,82000
2023-02-18,80500
2023-02-19,80500
2023-02-20,82000
2023-02-21,82000
2023-02-22,81800
2023-02-23,81500
2023-02-24,82000
2023-02-25,82000
2023-02-26,81900
2023-02-27,85500
2023-02-28,88500
2023-03-01,90200
2023-03-02,82000
2023-03-03,80000
2023-03-04,80000
2023-03-05,80000
2023-03-06,80500
2023-03-07,80300
2023-03-08,80300
2023-03-09,90000
2023-03-10,91000
2023-03-11,92500
2023-03-12,92500
2023-03-13,97500
2023-03-14,101500
2023-03-15,104000
2023-03-16,107000
2023-03-17,109000
2023-03-18,112000
2023-03-19,112000
2023-03-20,123000
2023-03-21,141000
2023-03-22,115000
2023-03-23,108000
2023-03-24,109000
2023-03-25,109000
2023-03-26,108000
2023-03-27,107500
2023-03-28,107500
2023-03-29,107500
2023-03-30,108000
2023-03-31,108000
2023-04-01,107500
2023-04-02,106000
2023-04-03,102000
2023-04-04,98500
2023-04-05,98000
2023-04-06,98500
2023-04-07,98000
2023-04-08,97500
2023-04-09,97200
2023-04-10,97000
2023-04-11,97300
2023-04-12,97200
2023-04-13,97000
2023-04-14,97300
2023-04-15,97000
2023-04-16,97300
2023-04-17,97500
2023-04-18,97200
2023-04-19,97200
2023-04-20,97300
2023-04-21,96800
2023-04-22,97000
2023-04-23,97000
2023-04-24,97000
2023-04-25,97300
2023-04-26,97000
2023-04-27,97200
2023-04-28,97200
2023-04-29,97200
2023-04-30,97200
2023-05-01,97000
2023-05-02,96500
2023-05-03,96000
2023-05-04,94600
2023-05-05,94500
2023-05-06,94500
2023-05-07,94500
2023-05-08,94600
2023-05-09,94500
2023-05-10,94600
2023-05-11,94600
2023-05-12,94600
2023-05-13,94500
2023-05-14,94500
2023-05-15,94500
2023-05-16,94600
2023-05-17,94600
2023-05-18,94500
2023-05-19,94500
2023-05-20,94500
2023-05-21,94600
2023-05-22,94600
2023-05-23,94800
2023-05-24,94600
2023-05-25,94500
2023-05-26,94700
2023-05-27,94500
2023-05-28,94500
2023-05-29,94500
2023-05-30,94600
2023-05-31,94600
2023-06-01,94000
2023-06-02,94200
2023-06-03,94300
2023-06-04,94200
2023-06-05,93500
2023-06-06,93300
2023-06-07,93300
2023-06-08,93300
2023-06-09,93300
2023-06-10,93200
2023-06-11,93300
2023-06-12,93300
2023-06-13,93300
2023-06-14,93300
2023-06-15,93300
2023-06-16,93300
2023-06-17,93300
2023-06-18,93300
2023-06-19,93300
2023-06-20,93200
2023-06-21,93300
2023-06-22,93300
2023-06-23,93300
2023-06-24,93200
2023-06-25,93200
2023-06-26,93300
2023-06-27,93400
2023-06-28,92500
2023-06-29,92500
2023-06-30,92600
2023-07-01,92500
2023-07-02,91800
2023-07-03,91500
2023-07-04,91500
2023-07-05,91400
2023-07-06,91400
2023-07-07,91400
2023-07-08,91500
2023-07-09,91500
2023-07-10,91500
2023-07-11,91500
2023-07-12,91500
2023-07-13,91500
2023-07-14,91400
2023-07-15,99000
2023-07-16,94000
2023-07-17,92500
2023-07-18,92000
2023-07-19,92000
2023-07-20,92000
2023-07-21,94500
2023-07-22,93500
2023-07-23,93000
2023-07-24,92200
2023-07-25,93000
2023-07-26,92200
2023-07-27,92300
2023-07-28,89900
2023-07-29,89500
2023-07-30,90000
2023-07-31,89300
2023-08-01,89400
2023-08-02,89500
2023-08-03,89300
2023-08-04,89400
2023-08-05,89400
2023-08-06,89400
2023-08-07,89400
2023-08-08,89400
2023-08-09,89400
2023-08-10,89500
2023-08-11,89500
2023-08-12,89400
2023-08-13,89400
2023-08-14,89400
2023-08-15,89500
2023-08-16,89400
2023-08-17,89600
2023-08-18,89500
2023-08-19,89500
2023-08-20,89500
2023-08-21,89500
2023-08-22,89600
2023-08-23,89600
2023-08-24,89500
2023-08-25,89600
2023-08-26,89600
2023-08-27,89500
2023-08-28,89500
2023-08-29,89500
2023-08-30,89500
2023-08-31,89500
2023-09-01,89500
2023-09-02,89500
2023-09-03,89500
2023-09-04,89500
2023-09-05,89600
2023-09-06,89700
2023-09-07,89600
2023-09-08,89500
2023-09-09,89600
2023-09-10,89600
2023-09-11,89700
2023-09-12,89700
2023-09-13,89600
2023-09-14,89700
2023-09-15,89700
2023-09-16,89800
2023-09-17,89700
2023-09-18,89700
2023-09-19,89700
2023-09-20,89600
2023-09-21,89600
2023-09-22,89600
2023-09-23,89700
2023-09-24,89700
2023-09-25,89700
2023-09-26,89700
2023-09-27,89600
2023-09-28,89500
2023-09-29,89700
2023-09-30,89500
2023-10-01,89500
2023-10-02,89600
2023-10-03,89500
2023-10-04,89500
2023-10-05,89500
2023-10-06,89500
2023-10-07,89700
2023-10-08,89700
2023-10-09,89700
2023-10-10,89700
2023-10-11,89700
2023-10-12,89700
2023-10-13,89700
2023-10-14,89700
2023-10-15,89700
2023-10-16,89700
2023-10-17,89700
2023-10-18,89700
2023-10-19,89700
2023-10-20,89700
2023-10-21,89700
2023-10-22,89700
2023-10-23,89700
2023-10-24,89700
2023-10-25,89700
2023-10-26,89700
2023-10-27,89700
2023-10-28,89700
2023-10-29,89700
2023-10-30,89700
2023-10-31,89700
2023-11-01,89700
2023-11-02,89700
2023-11-03,89700
2023-11-04,89700
2023-11-05,89700
2023-11-06,89700
2023-11-07,89700
2023-11-08,89700
2023-11-09,89700
2023-11-10,89700
2023-11-11,89700
2023-11-12,89700
2023-11-13,89700
2023-11-14,89700
2023-11-15,89700
2023-11-16,89700
2023-11-17,89700
2023-11-18,89700
2023-11-19,89700
2023-11-20,89700
2023-11-21,89700
2023-11-22,89700
2023-11-23,89700
2023-11-24,89700
2023-11-25,89700
2023-11-26,89700
2023-11-27,89700
2023-11-28,89700
2023-11-29,89700
2023-11-30,89700
2023-12-01,89700
2023-12-02,89700
2023-12-03,89700
2023-12-04,89700
2023-12-05,89700
2023-12-06,89700
2023-12-07,89700
2023-12-08,89700
2023-12-09,89700
2023-12-10,89700
2023-12-11,89700
2023-12-12,89700
2023-12-13,89700
2023-12-14,89700
2023-12-15,89700
2023-12-16,89700
2023-12-17,89700
2023-12-18,89700
2023-12-19,89700
2023-12-20,89700
2023-12-21,89700
2023-12-22,89700
2023-12-23,89700
2023-12-24,89700
2023-12-25,89700
2023-12-26,89700
2023-12-27,89700
2023-12-28,89700
2023-12-29,89700
2023-12-30,89700
2023-12-31,89700
2024-01-01,89700
2024-01-02,89700
2024-01-03,89700
2024-01-04,89700
2024-01-05,89700
2024-01-06,89700
2024-01-07,89700
2024-01-08,89700
2024-01-09,89700
2024-01-10,89700
2024-01-11,89700
2024-01-12,89700
2024-01-13,89700
2024-01-14,89700
2024-01-15,89700
2024-01-16,89700
2024-01-17,89700
2024-01-18,89700
2024-01-19,89700
2024-01-20,89700
2024-01-21,89700
2024-01-22,89700
2024-01-23,89700
2024-01-24,89700
2024-01-25,89700
2024-01-26,89700
2024-01-27,89700
2024-01-28,89700
2024-01-29,89700
2024-01-30,89700
2024-01-31,89700
2024-02-01,89700
2024-02-02,89700
2024-02-03,89700
2024-02-04,89700
2024-02-05,89700
2024-02-06,89700
2024-02-07,89700
2024-02-08,89700
2024-02-09,89700
2024-02-10,89700
2024-02-11,89700
2024-02-12,89700
2024-02-13,89700
2024-02-14,89700
2024-02-15,89700
2024-02-16,89700
2024-02-17,89700
2024-02-18,89700
2024-02-19,89700
2024-02-20,89700
2024-02-21,89700
2024-02-22,89700
2024-02-23,89700
2024-02-24,89700
2024-02-25,89700
2024-02-26,89700
2024-02-27,89700
2024-02-28,89700
2024-02-29,89700
2024-03-01,89700
2024-03-02,89700
2024-03-03,89700
2024-03-04,89700
2024-03-05,89700
2024-03-06,89700
2024-03-07,89700
2024-03-08,89700
2024-03-09,89700
2024-03-10,89700
2024-03-11,89700
2024-03-12,89700
2024-03-13,89700
2024-03-14,89700
2024-03-15,89700
2024-03-16,89700
2024-03-17,89700
2024-03-18,89700
2024-03-19,89700
2024-03-20,89700
2024-03-21,89700
2024-03-22,89700
2024-03-23,89700
2024-03-24,89700
2024-03-25,89700
2024-03-26,89700
2024-03-27,89700
2024-03-28,89700
2024-03-29,89700
2024-03-30,89700
2024-03-31,89700
2024-04-01,89700
2024-04-02,89700
2024-04-03,89700
2024-04-04,89700
2024-04-05,89700
2024-04-06,89700
2024-04-07,89700
2024-04-08,89700
2024-04-09,89700
2024-04-10,89700
2024-04-11,89700
2024-04-12,89700
2024-04-13,89700
2024-04-14,89700
2024-04-15,89700
2024-04-16,89700
2024-04-17,89700
2024-04-18,89700
